Item,C1,C2,C3,Constant
Guitar Hero,-0.1111,0,-0.2,10
iPhone 7,-0.1,-0.2,-0.33333,3
iPhone SE,-0.889,-0.23,-0.5,2
Star Wars,-0.0778,-0.373333333,-0.5,4
Markers,-0.667,-0.488333333,-0.65,3
Avengers,-0.556,-0.603333333,-0.756667,5
Elf on the Shelf,-0.04,-0.718333333,-0.863334,1
Pool Cue,-0.334,0,0,9
Tire Repair Kit,-0.223,-0.948333333,-0.076668,6
Silly Putty,-0.112,-0.063333333,-0.183335,1
Nike,-0.123,-0.178333333,0,5
